first_name,last_name,dni
Diane,Burker,18613625H
Dasya,O'Luby,71826337R
Trixi,Grannell,69502118A
Saundra,Avramow,57761047O
Alverta,Scamel,23339552B
Nanci,Thomel,19598742W
Alis,Gercke,35299159S
Emmit,Cowpland,37134395A
Pet,Charrier,10214958L
Forrest,Manilow,05098750X
Torre,Sains,58255807E
Reg,Barrett,33077826M
Eyde,Bradbeer,89031278J
Patricio,O'Canavan,70305485A
Timi,Martino,34837312F
Andie,Perkis,11894044C
Robin,Stansbie,15169034W
Maurene,McCleary,88874863A
Norry,Moscrop,58208974I
Garrek,Jeaycock,87139656J
Juana,Rens,03838488V
Alexandre,Swin,11949596N
Lisette,Boniface,98788929V
Aimee,Mordaunt,31430501M
Josi,Behning,82452242L
Serena,Dikle,88293017D
Jessy,Paul,97437881F
Heather,Latan,70738092X
Claretta,Olivari,58165293I
Phillipp,Itzkovwitch,22610150U
Silvester,Fasson,34975307I
Nerita,Norssister,16073013U
Zerk,Gilyott,03993357Q
Boniface,Pellitt,94702855Q
Enrika,Cissell,35824563N
Shari,Sowray,90135504G
Yorgos,Fidilis,85601457Y
Maribel,Stickland,65931143C
Benton,Storie,60592292N
Zach,Messiter,59777015F
Gail,Tedahl,83742741J
Marcille,Georgeau,38670575A
Adriena,Marl,92054717X
Iona,Kienzle,64056978G
Charo,Pessolt,52862019D
Archambault,Snoday,02771698Q
Shurlocke,Burril,82561177L
Aubrey,Medlin,26818104J
Clementina,Wiggin,94723357J
Napoleon,Jeannenet,23953771F
Indira,Greatbank,05957911V
Gwenneth,Tuckwell,08248399B
Merle,Potzold,12587837M
Candide,Dallan,50624537Q
Kaleena,MacGorley,13631181Q
Moss,Nand,72324024P
Patti,Morena,39992743W
Deborah,Quick,94634943Y
Carr,Wasson,94738892O
Oralee,Arr,63115674O
Leia,Greenroad,06238386X
Amara,Scroxton,47392098Y
Gusti,Gambell,13699497J
Ada,Bitten,04228686C
Malia,Holgan,32104341B
Mickey,Baldassi,05578186Q
Latia,Camber,79077517N
Zacharias,Manwaring,22020601J
Haskell,Watson,02806620H
Tony,Hartridge,97590935H
Chris,Gadson,45496380L
Lockwood,Arnholtz,65274157P
Alec,Grishanov,22334892E
Richy,Tullett,56567594S
Udell,Averill,75453222X
Catrina,Eakle,00336981C
Derek,Poultney,92369371A
Mohammed,Prine,65026710G
Lyndsie,Motion,77781258F
Gustavo,Deane,46071627A
Kelcey,Hagergham,02365196K
Philbert,Mawditt,04101841I
Janith,Belin,42719600T
Janie,Toffalo,60408833J
Gradey,Carlill,76918359X
Kris,Salatino,46268169Z
Lacie,O'Lennachain,56378891P
Kele,McCardle,63873436V
Johannah,Gligoraci,97999880G
Ganny,Sayward,90453427V
Neall,Bichener,82073937J
Dore,Moxson,55334999U
Marshall,Habershaw,98952842H
Raimondo,Ince,12205531X
Homer,Rolling,65308304M
Dallis,Guilliatt,25640306D
Alden,Gatecliffe,87255289S
Lacie,Merrin,43031057L
Sly,Leatherborrow,78831346M
Sergei,Leddy,25791784K
Leroy,Aslum,24709623O
Thelma,Beldon,93469753I
Doralin,Camsey,78509978V
Merrili,Chandlar,41257608N
Kacie,Genever,22700492V
Cathyleen,Magog,10239582M
Llewellyn,McQuirk,31343810K
Othello,Counihan,31189386K
Kimbra,Rimes,08774769G
Lizzy,Marchment,10648733G
Rafaelita,Larmet,94674897J
Pepillo,Wass,53170857N
Etheline,Hyndes,40533864Z
Iona,Dyott,35766224U
Kenneth,Thunnerclef,79616683W
Sancho,Attac,72282247V
Bridget,Gives,31587767S
Raimundo,Pepys,29898741L
Eleanora,Iiannoni,11615132U
Merle,Nibley,26831421Z
Bond,Borrett,36359659F
Gayle,Tabner,04615052U
Floria,Mangeon,19433728J
Giuseppe,Parfett,96796724C
Wiley,Flippini,70532937C
Karyn,Dugue,35263304J
Chrissy,Sibylla,29694944V
Vi,Baudon,78787763Z
Melosa,Gerrelts,76901057V
Dodie,MacCafferky,26690039B
Fern,Gregolotti,10849315W
Sansone,Huggins,82102828H
Elysee,Dufaur,33464466P
Jaime,Kisbey,52591904P
Luella,Bainbridge,22612439K
Zelma,O'Kenny,75379494O
De,Cleaveland,89150488I
Clarie,Dargie,44602517A
Butch,Angell,21523828U
Jess,Threadgall,00454273E
Waldemar,Fudge,74241474Z
Shir,Wison,86210394J
Gustie,Lambin,21117141X
Aloisia,Coomer,98046491Q
Ibby,Fattorini,33631558D
Bald,Van Oord,29868471M
Enrichetta,Glanville,59007848U
Moria,Crutch,42601117G
Roanna,Ebrall,90911657B
Jeri,Kunat,98866438V
Fergus,Grimwade,30392237B
Riccardo,Tramel,31411819G
Iver,Stodart,65188137O
Nalani,Abberley,16180392L
Vance,Nuss,30065437F
Lorie,Benezeit,70323963A
Darsie,Vossgen,94131588K
Darrick,Chennells,50517440K
Sim,Armor,75339316Q
Rahal,Sandry,42718033R
Daryn,Bonicelli,53246875K
Courtnay,Zelner,96298566S
Merrill,Gerrelt,58640318G
Hyatt,McDermott-Row,15475670C
Flory,Shackell,31183865Y
Alisun,Teape,13238571O
Krystalle,Mote,70642344O
Muire,Kelk,02180140X
Amby,Ensor,10910783R
Tremaine,Silveston,38429895U
Constantine,Lafayette,31990967W
Amber,Coleyshaw,23176060V
Nicolas,Petican,45120044R
Verena,Phippard,71408317P
Toni,Abdee,02277211K
Deb,Florence,82763022A
Ted,Petrus,34922269E
Bebe,Sheekey,85402178L
Ezmeralda,Littledike,09282740O
Ange,Wellman,96421670M
Kevyn,Gieraths,90048776Z
Bay,Kupisz,27849089K
Kaja,Carver,72998530U
Maridel,Geary,32556611L
Priscilla,Nobbs,84549062U
Greer,Ca,32409739K
Lief,Sherwen,59627245N
Fleur,Proudlock,56310180I
Lemar,Favela,71495661O
Grete,Gollin,60343082G
Leshia,Raoul,14215179G
Marley,MacDermot,05352492G
Ketty,Glauber,21245885Z
Gracie,Annwyl,22597059H
Dorrie,Spat,33195621Z
Loella,Roman,79126980Q
Erv,Pickrill,65747596Q
Birdie,Heugle,49180178Z
Franzen,Halbert,01284692A
Armstrong,Rogerot,48985642D
Estell,Prestner,76781511K
Hercule,Troth,37299279I
Maggy,Delgado,38219343G
Marinna,Dunbavin,24126596R
Kristian,Morena,45641310H
Cordie,Marchi,76701678P
Case,Ilieve,45546727D
Geraldine,McHenry,73766560V
Marylynne,Jendrassik,17448133B
Grange,Meran,26843394X
Nananne,Phillippo,71750849O
Fin,Dummett,86327003R
Bailey,Longman,61301644P
Taryn,Ellis,82759264C
Raffaello,Gustus,41454347U
Bart,Brittles,74472173Z
Veronika,Room,75424328T
Jae,Heasman,66285449B
Mord,Maty,87994689K
Jacquenette,Mathewson,65919334G
Deny,Ketton,34917459Q
Allayne,Pover,33559880G
Vlad,Ricciardello,67254378O
Vinita,Klimsch,57568963J
Rex,Westgarth,32320219U
Erhard,Gothup,22601106W
Mathilde,Billanie,73654802X
Edith,Palia,72904260O
Hildegarde,Thamelt,21929324O
Derek,Coie,17731437A
Daria,Arnson,84840770P
Fidelia,Mosen,82966257R
Corabelle,Bafford,06043466A
Alex,Redmire,01543202G
Cozmo,Luby,92550755G
Obadias,Hysom,46505773A
Britni,Blondin,80760083D
Leslie,Hosby,53218375F
Heida,Gini,54934739U
Tiler,Livett,67508807S
Jerri,O'Dea,32780665O
Isa,Mitchelmore,57925319P
Daloris,Loddy,79357896V
Courtnay,Murrill,02560089H
Aldo,Beswetherick,89776284Y
Camel,Sporgeon,78759678D
Barclay,Lindback,75532935F
Henri,Syncke,60275859E
Carlin,Trowsdall,76889977X
Lucine,Van Der Vlies,20054080P
Tamra,Ladloe,87728976R
Elberta,Skidmore,42926487X
Rosene,Husk,10215004K
Alexa,Bletso,93756783Z
Marlene,Jorger,60978917B
Lyndsey,Arp,10590974J
Shanie,Janik,43051912Q
Corabel,Gouldthorp,49525605P
Linnea,Masdon,41527599M
Ashley,Cowp,69273821U
Sheila,Dyment,83981424V
Curtis,Calyton,19765594F
Hakim,Lindenman,09489292G
Guillermo,Curzey,50472913M
Morgan,Wickmann,39925814C
Flossi,Ingraham,64643687W
Anastassia,Jakuszewski,23803820S
Morgen,Demangel,44942311H
Sara,Torrance,00244042S
Giulietta,Vernalls,18553719P
Windy,Curgenuer,82342014C
Morgen,Babbe,49504215X
Tawsha,Whittles,05262256Y
Hatti,Smillie,75494144T
Clive,Simak,11599439E
Fernande,Road,11287871Z
Kym,Wilsey,78361209G
James,Tarborn,80887058V
Willabella,Tebbit,98816909O
Livvie,Sapsford,73838935C
Olympe,Allsep,04748002F
Penny,Muckian,10341771P
Donica,Bayles,27879508V
Ricki,Geddes,10321641P
Saloma,Ertelt,61744617B
Ricki,Leeson,87310562K
Rayna,Scarborough,73886517N
Ekaterina,Jobey,11852741L
Ricca,Bolingbroke,75179649T
Whitaker,Skey,87842611T
Batsheva,Salman,90223588Z
Aylmar,Linscott,51906315R
Quintina,Theuss,37477377U
Vivianna,Alishoner,19788420F
Adeline,Saban,08837460B
Basile,Rizzardi,52093865Y
Linnell,Yegorovnin,09796460O
Howard,Wallbutton,74012459N
Marcille,Gladman,27353816S
Lurleen,Versey,77303149V
Ramsey,Gallagher,15732779A
Hilly,Kehri,27002696T
Therese,Laker,50060946V
Martynne,Foreman,67910679B
Raimundo,Bambery,67781155X
Baxie,Gingles,77841325Z
Larisa,Dagworthy,33313164U
Angie,Jallin,90220685L
Kerrie,Houlahan,04029675W
Barr,Tesoe,16103297Q
Matilda,McAlpine,89186386S
Marieann,Crufts,68316317A
Melinde,Stille,10284513B
Falkner,Bogays,21929032D
Amalita,Stillmann,38629756N
Maurits,Oattes,96793733R
Linda,Leathem,36170692R
Ronnie,Sacks,14442467P
Conrade,Wonfar,86429599I
Mariquilla,Clough,69117942N
Dyane,Burehill,89328533V
Caz,Rutt,21793046R
Sibbie,Wilhelmy,21736121M
Robinett,Marrington,05557922T
Guido,Creeber,83570681H
Max,Jullian,55776310E
Tadeas,Burden,82676129R
Roderigo,Everal,58531988V
Arabela,Humpherston,50902024Z
Ilene,Appleton,81084410O
Ludvig,Mazzei,45705416R
Berkeley,Keerl,88276939X
Kit,Bowie,87565837A
Randa,Blann,29143813S
Kariotta,Tenant,75745719X
Sabine,Rhyme,61192949J
Dalston,Coolahan,13963338Z
Tabbi,Cortin,38392006K
Delila,Lancetter,16909405C
Jody,Rutherfoord,04178278X
Radcliffe,Glanfield,51554125B
Durante,Pacitti,42457874D
Adelheid,Meddemmen,02911455S
Teresita,De Ferraris,81045361W
Ansel,Southcombe,78554038G
Marsh,Tatershall,81173016A
Willy,McKeady,72173812H
Ellswerth,Peinke,34277458O
Rodolphe,Brennand,48921445S
Kipp,De Benedetti,33508563Z
Gage,Ewell,63203515X
Robinetta,Mawditt,13929312Y
Cori,McGrail,46568614L
Zitella,Seczyk,28096299J
Jorry,Murt,84382386N
Morgan,Petti,50460480P
Bevon,Doeg,13478683X
Hyacinth,O'Driscole,38649708U
Verena,Brozsset,54749718Q
Florance,Hiland,82200733F
Analiese,Andrysiak,50032546W
Almire,Berks,38339230N
Julie,Radcliffe,36082014L
Licha,Leban,41412505T
Wynn,Luckham,82933039P
La verne,Plowell,70370225K
Ahmed,Ogley,19234004D
Brittan,Lowing,59748033I
Tammie,Zaniolini,58540797T
Nikos,Brainsby,68004490V
Dickie,Francino,58890074G
Jackie,Gallehawk,59704318I
Lanny,Rampley,34996065P
Cosme,Sheahan,13795031O
Issy,Morena,06442653R
Michele,Revell,29289757L
Franny,Hansemann,23497639X
Tybie,Tibbetts,55260144L
Jannel,Thompson,34156720T
Costanza,Crutchley,38876425O
Kain,Gaylor,58957530Y
Shane,Oldale,06047655D
Meier,Moores,99543684O
Daisy,Angeli,83575944J
Georgianne,Curley,21866506Y
Elizabet,Lorinez,69137149I
Sinclare,Sheirlaw,01307327Q
Allianora,Sneesbie,26363012P
Fern,Spickett,99328236F
Davina,Precious,18095195L
Timmy,Janks,46492860F
Fern,Cortin,45879960K
Farlee,Colrein,06231795X
Emile,Wyld,82590936K
Lincoln,Castellini,73544495J
Myer,Eppson,01427334K
Alissa,Odda,87882662X
Ninnetta,Pettingall,39051841K
Ambrosius,Rubra,00701505B
Barnard,Wolford,93991397N
Harley,Paviour,51651192N
Lazar,MacCumiskey,63646898V
Sula,Rysom,11548248Q
Larine,Dawks,95527428C
Britte,Birdseye,90318180Y
Brigg,Amor,29055561R
Sarine,Pappi,25786423G
Shandra,Huffer,41339795O
Eba,Leask,08421210O
Janna,Tirkin,85307264F
Aprilette,Crossdale,21506974O
Auberon,Heakins,76786397C
Dynah,Dewberry,89681385C
Alika,Wolters,81158597X
Drusie,Feaster,68423478W
Dalia,Sterman,84468855E
Jamaal,Guye,41428364X
Gloriana,Pech,50908929H
Cletis,Winsley,35344165M
Wakefield,Duffin,66893595L
Marjy,Getty,76861396G
Birgitta,Basham,86749192C
Emmey,Brooking,20914044O
Shelby,Kirlin,09732072O
Fredi,Perchard,58002328G
Ashby,Attrey,84180354B
Giana,Swidenbank,33718618R
Shel,Klousner,02755813W
Alaster,Tuminini,06515645X
Boy,Adriano,70966726Y
Inga,McElwee,77223795P
Rufus,Andries,34560721A
Dean,Kidgell,15463134M
Freida,Rowan,72320833F
Erek,Wetherick,82852143D
Maxie,McSorley,65883781Y
Guinevere,Guitt,78782768A
Linc,Duxbarry,55008939Y
Estrella,Astill,07533767Z
Gerri,Dorn,96672074I
Tina,Clemson,38657053J
Julianna,Morican,45760930Y
Olvan,Segrott,59645938Y
Carma,Collyns,71674313G
Ealasaid,Bettis,90997079E
Karissa,Wintour,88259944A
Krista,Daulton,38941926C
Billie,Keneforde,60858748N
Stacia,Karel,45893720G
Zared,Natalie,28883790E
Timoteo,Kubicki,43156063O
Opal,Fehners,92408761Q
Tiffanie,MacLleese,51114886W
Elsy,Bartolomeotti,26790540M
Edsel,Kennermann,85791949N
Edward,Mc Kellen,98574445T
Fonz,Ellin,25721462N
Emalee,Dymocke,65273551S
Kassi,Chaffin,63151750R
Maggi,Pellissier,74431314S
Gerty,Tortoishell,42485746P
Sumner,Double,92950160G
Dotti,Durand,89452904J
Seline,Segrave,07410599U
Calla,Trunkfield,25956536U
Bertrando,Morden,13125612D
Steffane,Stobart,81376735U
Joan,Pickavant,91126648A
D'arcy,Mart,94893240P
Emmery,Scorey,03648045Z
Stormi,Crisford,91357343K
Garrot,Arnli,84834545Q
Dall,Blankhorn,90080757M
Artie,Toth,93566556Q
Camey,Jannequin,19311884B
Maryjane,Minchell,53365330Q
Burch,Bolwell,97945526P
Carmina,Arundel,18451268N
Horten,Sketchley,84702034M
Theo,Happer,62954643W
Walton,Myford,14715834P
Ede,Lakenton,07365861U
Orin,Brookes,94375029J
Doralynne,Masding,00058962B
Quinn,Pykerman,78741447K
Fayth,Tollit,30886835B
Shelton,Rubinov,97271892X
Meyer,Cubbino,66591968D
Allister,Cromarty,73924492T
Libbey,Worlock,86010566S
Helen,Lightbody,15627613W
Annadiana,Gibard,47614382M
Leia,Eleshenar,90268951J
Linell,Littrell,12578866N
Rudiger,Lark,37935693P
Adriano,McArt,40367690E
Ronald,Blunsden,62548835Z
Kimmi,Loveredge,63700638K
Claus,Onions,21677851L
Willow,Priddy,47220458I
Amory,Anderl,40094993I
Trenna,Hampton,38018644K
Leighton,Clemmitt,71620730G
Sherwin,Ellingworth,03025289G
Janessa,Houseman,36819013K
Georgianne,Stables,15608320V
Carole,Giaomozzo,56773975D
Berri,Palffrey,88715706X
Daveen,Tassell,99412169O
Gwenette,Drinkwater,89799928D
Jasmin,Duns,47198798D
Roselia,Lesek,65909488M
Edd,Fillan,63443159B
Sylas,Grevile,73249313R
Bria,Zanitti,98367581A
Richart,Stoad,14882332Q
Lorianne,Rostron,77080793F
Tressa,McKinty,61453032U
Vinny,Creeber,20742473X
Huberto,Affuso,23224854X
Jaime,Twidale,60716738J
Igor,Romeuf,24414178V
Viviana,Winnard,23905322G
Dulci,Gopsell,64118097C
Bettye,Searson,49601420P
Gilberte,Slisby,97727662W
Lorri,Trevorrow,98276480J
Velma,Chastey,77977716B
Thebault,Huntington,84914888I
Belinda,Santacrole,29880144O
Boone,Menlow,01786534H
Dan,Gadie,67035937E
Jesus,Burel,74035819X
Cahra,Bikker,48739130W
Cynthea,Mayall,77220256W
Desirae,Gridon,03364076J
Iain,Hing,17904427G
Powell,Arblaster,47828311G
Birk,Bacup,72866285T
Wilmar,Seczyk,19619972X
Lory,Frantz,21669048O
Waylen,Badby,65596170F
Lira,Jone,20805192X
Maurise,McNirlan,26542734A
Lynne,Drummer,41230532D
Findley,Barkes,85697196M
Merry,Worcs,44103353A
Ida,Corbie,91863036J
Eve,Hostan,63676585Y
Alicea,Shadrack,07183038V
Abba,Bragginton,94592441W
Saloma,Strode,17873562G
Georgie,Toone,06538904Z
Cullie,Eykelhof,82623791D
Neils,Burriss,69731515W
Ebba,Burleigh,97224791W
Amity,Dummett,04704230R
Gregoor,Kopisch,89293042M
Linn,Bentjens,39811998C
Rainer,Smith,69266588N
Lizabeth,Silvester,64262232S
Minny,MacAnespie,19197629O
Glenna,Dowbiggin,08740286G
Filberte,Balden,73111254C
Gerek,Pinchback,42548127P
Ailyn,Toor,56455129P
Lucien,Vokins,87897221T
Dyane,Bohlin,71684191G
Joey,Swadden,93755912D
Cassandry,Stubbins,19348633K
Cyndie,Latek,67434438J
Tedman,Van Arsdall,31091969C
Karen,Ventura,63844974R
Joelle,de Courcy,57353145K
Dania,Levings,44395910K
Lemuel,Dowtry,50307067Y
Stanton,Spurnier,40925465B
Howey,Ellaman,93555956A
Danny,Garner,49620700Y
Cris,Haighton,79641348X
Rosabella,Jumonet,99017067U
Mommy,Benbrick,68380981T
Crystal,Choffin,68544969N
Garnet,Gauch,26290633U
Sadye,Jaffrey,38606748U
Aubrey,Spenton,35299249V
Adeline,Klassman,65099245F
Nichole,Colhoun,12010355X
Nadine,Vaan,44230482Y
Morgan,McCurt,54769129Y
Thorpe,Du Fray,69915902M
Audra,Brettell,44716076V
Berton,Yakubowicz,31300122T
Gena,O'Shevlin,44424662X
Missie,Eyton,00366443D
Lelia,Heinssen,03195407H
Cleo,Olenichev,59627384X
Esma,Louis,70224103F
Carmon,Gindghill,10866194U
Nikita,Cuthbert,49703330B
Terrye,Besset,36194869J
Caryl,Gantzer,66117190C
Nanice,Hastilow,72690869A
Brandy,Hinzer,17243079R
Rene,Sycamore,29640081T
Erv,Tabbernor,63499514S
Glynda,Senten,56292284B
Theodore,Moine,09472210K
Dolli,Van Halle,77352903P
Ariella,Moggan,54268810J
Cornie,Schlagh,71231377M
Denys,MacClay,60269442J
Ingelbert,Castellone,53286157H
Warner,Dungate,08394012D
Sonni,Stoven,76376398X
Byram,Birdfield,90097765J
Merrill,Byles,35505277Z
Gracie,Stoneley,68673824C
Toma,Goncaves,02356572Z
Cordula,McVaugh,20193786N
Porter,Ricco,53647828J
Evie,Auckland,00191705H
Rhodie,Gossart,92771085L
Cassie,Mattiessen,12311445Y
Porter,Colbourne,95628360F
Reinold,Housen,07048286Y
Basia,Dudek,93204377J
Linn,Theurer,91705938C
Clarabelle,Mantz,06887980H
Jeanna,Beecker,31840817Q
Dill,Sallter,83215023U
Myca,Blois,48492842M
Whitman,Sorsby,36574385H
Melina,Wife,36318040G
Glenna,Lehrer,77855418L
Tonya,Antonich,78539673M
De witt,Henric,93756946G
Sandra,Robiou,55168446O
Octavia,Korb,52870983X
Mauricio,Quantrell,07069749R
Dottie,Imison,24526615N
Simone,Sellar,06472580C
Angil,McGuckin,17901925M
Legra,Harbor,80168594R
Joline,Jouannot,45633614N
Aloise,Tinton,79571187X
Adamo,Fawdry,68503105N
Morris,Dottridge,28082946D
Chiquia,Dilloway,70420746K
Patton,Cellone,96906694P
Janeen,Thalmann,13763008Y
Newton,Orwin,74199158C
Cherrita,Aysik,44334467E
Judith,Frye,22870139K
Latia,Saye,81877697Q
Helyn,Regardsoe,10092300J
Cathryn,Di Carlo,56180800E
Ingeborg,Musicka,39980670L
Farleigh,Sabatini,44704923M
Boyce,Davitt,94474830F
Andros,Sciusscietto,88743882R
Tuck,Bencher,04568898X
Opalina,Sewill,47019415W
Falkner,Pawlowicz,19073586F
Linette,Sayle,74375539L
Oralee,Emmer,07187472S
Kerri,Bewshire,52543685W
Federica,Hartnup,97352775Y
Fabian,Boriston,17855319K
Cass,Islep,72528526O
Flossi,Hazleton,91078742O
Cody,Helsdon,53052390D
Lewiss,Hembry,69838004L
Florentia,Grocutt,81364909Z
Meryl,Paulsson,29138117K
Aurore,Preto,18123474U
Lianne,Misson,72862862T
Matt,Sorton,17887714A
Alla,Gounel,59199236T
Ingrim,Whetnall,94532446F
Fidela,Krzysztofiak,64657301S
Filippo,Bilby,54553083X
Rodina,Westbury,33414284M
Antons,Djokovic,14399515W
Dorian,Waymont,37275536K
Celia,Darrington,86693504H
Kelci,Ferrao,13955177J
Jourdan,Salling,14921606N
Alvis,Kincaid,85421188J
Vivyanne,Guilfoyle,65216492L
Karole,Packham,33077209E
Lily,Marple,77584840R
Layney,Housin,81884463W
Casandra,Botwood,90252034R
Tallie,Martinet,53170700X
Pedro,Paterson,32240281W
Dilan,Uman,08192914J
Micheal,Winkell,83183863B
Rolland,Flanner,99420319A
Susannah,Aucourte,98902965Q
Urson,Keymer,58393138T
Hollyanne,Naisbet,73072377G
Karola,Stevani,09530450P
Kristin,Cavalier,09467608G
Fredericka,Danick,79790145T
Dalli,Ellcome,29655245D
Casie,Pilmoor,82563137Q
Dominique,Lissaman,75146092P
Lorena,Motherwell,96308631C
Joleen,Frangello,36160061U
Roxy,Sprake,53142406P
Markus,Cisland,89539109F
Letti,Pocke,40259399N
Jule,Peto,89806213C
Haskel,Gedney,79093988O
Angelico,Kalkofen,71124869Z
Cornelius,Haire,68130905J
Gaylor,Whitehall,27866605Y
Kaylil,Bottrell,27129876O
Sunshine,MacSweeney,44684422X
Enrica,Pidon,63904977Q
Calvin,Klassmann,73888367A
Clio,Larmour,78765084J
Consuela,Castagne,06542616P
Erv,Heakey,32572164V
Joice,Oliveras,77254490G
Betsy,Ginner,09102763B
Ingeberg,Wherrett,78492077N
Maurizio,Ouldcott,36944205N
Boony,Mongin,42684824Y
Storm,Coultas,82230840W
Karalee,Farrall,97766295B
Sebastian,Wilford,71600705O
Yalonda,Randalston,80063520F
Vinny,Molnar,77173526D
Gusella,Gresley,11751422K
Viviyan,Ellington,67483618G
Wendy,Secombe,84810026C
Eustace,Syalvester,52225483Q
Ula,Townsend,59387562D
Gayla,Morcom,43454383K
Fons,Blondell,08662913Q
Alli,Harrower,86452602B
Ruthy,Sudlow,27788182G
Herman,Slimings,40335677J
Lazaro,Grelka,03150000D
Janelle,Godspede,60429326V
Aile,Darree,51126147K
Celie,Novkovic,10182232G
Tyrone,Bythway,71604517S
Llywellyn,Pidduck,10069702L
Serena,O' Kelleher,38559552I
Mahala,Piesold,27189010I
Ellissa,Guerra,77019272N
Bennie,Rennix,38298196U
Colline,Serotsky,67039973B
Kevin,Attwell,48674321F
Grantley,Flacke,66153215R
Britney,Greensitt,37302262J
Deb,Saller,46033099X
Holly,Mallabar,14094153C
Daune,Durham,03335751G
Ilse,Eales,19737181D
Farleigh,Chesnut,32582829K
Hynda,Coursor,20787083M
Roshelle,Plastow,62715394R
Shepperd,Vanezis,74507059I
Darius,Carle,01415620T
Laurie,Ealden,80250829T
Bertie,Tomashov,47799939P
Shawnee,Siss,52616309H
Theo,Candy,19997481Y
Roda,Pantling,43307166P
Kleon,Lalevee,87701274F
Erie,Goalby,99506086U
Concettina,Francescoccio,58814931J
Louise,Dufoure,74376530T
Broderic,Vedikhov,91546441O
Ardelis,Been,67403983Q
Timmie,Mugford,72388669Y
Jayme,Gapper,16296296E
Pia,Munks,49713941E
Ashly,Hurles,10829848M
Remy,Comazzo,62565190U
Mickie,Isacoff,37872729A
Geoff,Abbe,92470112V
Honor,de Clerk,46500345R
Goddart,Cestard,56592403E
Rawley,Sine,57604457N
Dredi,MacCafferky,11402364O
Rusty,Sach,12220180F
Kissiah,Alday,79553232E
Aurlie,Arthars,49785450J
Almire,Utterson,84094837H
Percival,Colebrook,56435064H
Kalinda,Rapp,47802189G
Blanche,Prettyjohns,92373093F
Patric,Miettinen,85408893B
Saudra,Vitet,42045342Y
Mommy,Moors,93821879B
Larine,Rabbatts,45335601F
Franzen,Kilbride,63975820N
Chauncey,Lyven,14242928F
Lorna,Shuttle,69673189F
Veda,Eisikowitz,66362102Q
Bevin,Ordish,04029658U
Samuele,Viggers,66192466M
Iorgo,Spalton,00703126S
Evangelin,Fallowes,42602698I
Roseann,Vettore,89461752F
Herold,Veljes,94936301N
Rhonda,Pollington,74782402O
Parsifal,Hutcheon,50762304M
Dierdre,MacCarter,89147574J
Sashenka,Sans,46706718C
Noel,Thomasen,25320140P
Eduard,Ugolini,57637793P
Dorita,Romushkin,34061095U
Gonzalo,Tockell,86541182I
Allys,Dmitrovic,27189300Y
Gardie,Drinkeld,67529687B
Calli,Kelwick,59008175B
Dennet,Colthard,08360071U
Erhart,Baurerich,49445092N
Modesty,Maciak,12576895C
Barron,Wraighte,56727877E
Maggie,Dener,18177782Q
Hedda,Puckinghorne,83995077Q
Greggory,Beedle,00337683B
Melvyn,MacAlees,20471121G
Zia,Jepps,42700888G
Margarete,Woolam,59201068V
Pearce,Grassett,47628229Q
Ursulina,Hansie,70075417K
Correy,Greiswood,33964987E
Rodrigo,Wildish,40443237Y
Gawain,Mistry,97929243Z
Carny,Leftly,13014793J
Mace,Narrie,38161231J
Benoit,Lewer,86917147Z
Demeter,Cownden,65672860G
Hugibert,Blackall,61363242K
Kania,Hunston,08060403F
Ty,Arends,59730162Y
Cobby,Burtenshaw,25776991Q
Adora,Loadwick,06444000S
Hyacinthe,Fidelli,63279441G
Bellanca,Sedgwick,20872414K
Loni,Duckett,83636683O
Willy,Brodbin,28639616U
Lois,Iannitti,33924536O
Rollie,Pennycock,14004815M
Deerdre,Gloster,63717720K
Kath,Chapiro,41376735Y
Humfrey,Cluderay,43475392C
Billye,Nottle,91402027F
Chaunce,Vogel,41737967U
Felice,Tuck,02345514B
Marcelline,Oxtaby,62184649P
Berrie,Blenkhorn,93543831P
Carmina,Fideler,27261446C
Armando,Holdron,15911020W
Malcolm,Munkton,29570825J
Wilfred,Levin,07672830I
Giacobo,Chittim,10822049Q
Nancey,Westell,05108705W
Forrest,Renvoise,99604982Q
Samaria,McTerry,28725597A
Marion,Beeton,32728321T
Solomon,Fulton,79976930N
Cyrill,Smeaton,22811417L
Saraann,Whapham,94388538I
Bob,Marmon,30577854R
Laure,Cavet,54480092N
Tony,Kirkebye,26803281A
Roy,Weben,22223829O
Chauncey,Skullet,09894904M
Klement,MacGill,06249938Y
Isis,Juste,76259149W
Rosaleen,Dolphin,53499982W
Tabbi,Cough,42976414U
Agna,Hallowell,36790436Y
Iris,Harses,20043161D
Carrol,Jossel,45808027J
Oriana,Farnworth,53390507K
Albina,Wadly,31776552S
Beulah,Blackwood,09325562H
Carmella,Emsden,71846152X
Druci,Sherrock,88609086B
Tarrance,Andres,98536807Y
Welby,Calendar,98291797X
Carley,Molden,53185234Y
Garwood,Riep,32844043B
Devlin,Haygreen,28922665I
Caryl,Argile,35376780P
Milly,Vasilchenko,08346312O
Zelma,Medendorp,60198901C
Adaline,Thieme,78283935M
Naomi,Clogg,47846188T
Amelie,De Ath,19857811M
Enrika,Fahrenbach,54367029L
Maisey,Riha,01192892U
Gallard,Eggleson,99483804F
Kandy,Shitliffe,90815280W
Willi,Rumming,00727538W
Gardy,Vogeller,58619645X
Bess,Beden,65857433D
Sauncho,Jopson,97969547U
Harwilll,Cluderay,78425185O
Vin,Grollmann,65409859G
Randi,Hailston,72374368X
Juline,Arter,02616618S
Laura,McKinless,44626044G
Sharla,Gorick,30010969V
Lavinia,Slater,66684262H
Jacki,Iacopini,61884283U
Vasili,Streat,68234538N
Alana,Sibray,96756366G
Leanor,Cadden,31465692T
Beverley,Sevier,38017820N
Dana,Aireton,23033919O
Hope,Bewly,04931222A
Emmalyn,Thams,80717949X
Daren,De Mico,68485578Z
Dyanna,Peacher,10888990R
Lorin,Andover,51643437Q
Ardys,Munnery,44985725Z
Frans,Dron,40860861Y
Lynnea,Pietrzak,34461284F
Evania,Glendenning,33580192V
Amy,Scrooby,79548116Z
Caroline,Beaney,24372806P
Juanita,Bruyns,61100078S
Bethina,Rosenbusch,56401489G
Norby,Filyushkin,78377035S
Ranique,Moorerud,25623350O
Serene,Hawthorn,07233160E
Fanchon,Kelleway,02283826T
Louisa,Newrick,92733173J
Tabbi,Fitkin,09660261F
Hesther,Evershed,22536357H
Helli,Aubri,94362077W
Daisey,Greve,60209684Q
Griswold,Downing,70256388D
Micky,Wythill,57399732Q
Bran,Northrop,51858994V
Ursulina,Tardiff,04642001B
Fitz,Preble,40635821W
Alfy,Dingsdale,35969472W
Rosalynd,Sudlow,80333871T
Cyndia,Huish,00978259H
Gaye,Fernandez,72641143F
Hedy,Brotherhead,02212457F
Francoise,Kettlestringe,04855428C
Harriette,Le Teve,25113405W
Edmon,Steers,11181801C
Cal,Ninnotti,71982823Y
Beverly,Bembrick,32230349G
Sheba,Spens,89032463Z
Ludwig,Myring,86352563N
Gale,Coslitt,49859053K
Delinda,Lowden,65324864G
Dottie,Beldan,46274255Q
Ann-marie,Mohan,57999773P
Consalve,Bealing,35418930T
Thacher,Trouel,70922581Q
Nadean,Minshall,53491330O
Gordon,Traill,86104199I
Filbert,Conigsby,06918676R
Colet,Moody,40324742O
Jacqui,Hardage,40869759C
Jayme,Ream,91597239Q
Manny,Alred,72872124X
Hermon,Howorth,26071792I
Kerri,Mulhill,64267308O
Adrea,Stode,39865264S
Britta,Mesnard,60850296N
Mattie,Myall,04656218P
Chaddie,Macbane,83241346W
Micheal,Ricciardiello,87468956R
Margie,Gerrard,30829233U
Christan,Pettko,68152235W
Peirce,Partington,28466290I
Madelyn,Pollen,16639927I
Wye,Blair,17191306Q
Sly,Gouldeby,28319387W
Eamon,Hansberry,96399950H
Letisha,O'Cooney,92145848D
Renell,Dobrowlski,91293061G
Locke,Howroyd,23184596I
Lacy,Troni,63435908V
Georgena,Matchett,64309815O
Dominique,Ferguson,91665967Z
Yettie,Habin,16224454O
Marven,Davsley,92818037R
Janka,Wadmore,05529737Y
Noellyn,Bengough,76092935L
Samantha,Stitch,81013517T
Janie,Cavell,52045599X
Mallory,Corsor,81020425X
